{
  "generationParameters": {
    "generationDate": "Thu Jul 31 2025 06:30:59 GMT+0000 (Coordinated Universal Time)",
    "generatorPlatform": "SAP Business Application Studio",
    "serviceType": "OData URL",
    "metadataFilename": "",
    "serviceUrl": "https://services.odata.org/V2/Northwind/Northwind.svc/",
    "appName": "sap_basic_template",
    "appTitle": "App using SAP Basic Template",
    "appDescription": "An SAP Fiori application.",
    "appNamespace": "",
    "ui5Theme": "sap_horizon",
    "ui5Version": "1.138.1",
    "enableCodeAssist": false,
    "enableEslint": false,
    "enableTypeScript": false,
    "showMockDataInfo": true,
    "generatorVersion": "1.18.3",
    "template": "Basic V2",
    "generatorName": "SAP Fiori Application Generator",
    "entityRelatedConfig": [],
    "launchText": "To launch the generated application, run the following from the generated application root folder:\n\n```\n    npm start\n```"
  }
}
