<core:FragmentDefinition xmlns:core="sap.ui.core"
    xmlns="sap.m"
    xmlns:macros="sap.fe.macros"
    xmlns:vbm="sap.ui.vbm"
    displayBlock="true">

   <VBox id="_IDGenVBox1">
   <HBox id="_IDGenHBox1" class="">
   <Text id="_IDGenText" text="The bookings were confirmed on" class="sapUiTinyMarginEnd"/>
   <macros:Field readOnly="true" metaPath="CreatedAt" id="custom-flightdate"/>
   <Text id="_IDGenText1" text="by" class="sapUiTinyMarginBeginEnd"/>
   <macros:Field readOnly="true" metaPath="AgencyID" id="custom-airline"/>
</HBox>
     <vbm:AnalyticMap id="_IDGenAnalyticMap" width="100%" xmlns:l="sap.ui.layout" height="600px" initialPosition="-47.48339103742949; 48.70365903454684;0" initialZoom="2" class="sapUiMediumMarginTop">
        <vbm:vos>
            <vbm:Routes id="_IDGenRoutes">
                <vbm:Route id="_IDGenRoute" position="8.682127;50.110924;0; -73.780968;40.641766;0" color="rgb(204,0,0)" colorBorder="rgb(255,255,255)" linewidth="3" routetype="Geodesic" />
                <vbm:Route id="_IDGenRoute1" position="-73.780968;40.641766;0; -122.389977;37.615223;0" color="rgb(255,128,0)" colorBorder="rgb(255,255,255)" linewidth="3" routetype="Geodesic" />
                <vbm:Route id="_IDGenRoute2" position="-122.389977;37.615223;0; 8.682127;50.110924;0" color="rgb(0,153,76)" colorBorder="rgb(255,255,255)" linewidth="3" routetype="Geodesic" />
            </vbm:Routes>
            <vbm:Spots id="_IDGenSpots">
                <vbm:Spot id="_IDGenSpot" position="8.682127;50.110924;0" tooltip="Frankfurt am Main (FRA)" labelType="Default" labelText="Frankfurt am Main (FRA)" labelPos="5" />
                <vbm:Spot id="_IDGenSpot1" position="-73.780968;40.641766;0" tooltip="New York (JFK)" labelType="Default" labelText="New York (JFK)" labelPos="5" />
                <vbm:Spot id="_IDGenSpot2" position="-122.389977;37.615223;0" tooltip="San Francisco (SFO)" labelType="Default" labelText="San Francisco (SFO)" labelPos="5" />
            </vbm:Spots>
        </vbm:vos>
    </vbm:AnalyticMap>
    </VBox>
</core:FragmentDefinition>